00000001,password
00000002,password
00000003,password
00000004,password
00000005,password
00000006,password
00000007,password
00000008,password
00000009,password
00000010,password
00000011,password
00000012,password
00000013,password
00000014,password
00000015,password
00000016,password
00000017,password
00000018,password
00000019,password
00000020,password
00000021,password
00000022,password
00000023,password
00000024,password
00000025,password
00000026,password
00000027,password
00000028,password
00000029,password
00000030,password
00000031,password
00000032,password
00000033,password
00000034,password
00000035,password
00000036,password
00000037,password
00000038,password
00000039,password
00000040,password
00000041,password
00000042,password
00000043,password
00000044,password
00000045,password
00000046,password
00000047,password
00000048,password
00000049,password
00000050,password
00000051,password
00000052,password
00000053,password
00000054,password
00000055,password
00000056,password
00000057,password
00000058,password
00000059,password
00000060,password
00000061,password
00000062,password
00000063,password
00000064,password
00000065,password
00000066,password
00000067,password
00000068,password
00000069,password
00000070,password
00000071,password
00000072,password
00000073,password
00000074,password
00000075,password
00000076,password
00000077,password
00000078,password
00000079,password
00000080,password
00000081,password
00000082,password
00000083,password
00000084,password
00000085,password
00000086,password
00000087,password
00000088,password
00000089,password
00000090,password
00000091,password
00000092,password
00000093,password
00000094,password
00000095,password
00000096,password
00000097,password
00000098,password
00000099,password
00000100,password
